emoticon_pack_id,title,description,keyword
1,인삼_뿌듯_좋아요.png,한 손을 들고 미소짓는 모습에서 만족감과 긍정적인 감정이 느껴짐. 무언가에 대한 만족감을 표현하는 듯함.,"좋아,좋았,좋다,좋네,좋음,좋은,좋게,좋을,조아,조타,조음,조은,나이,굿,짱,뿌듯,"
1,인삼_응원_아자아자.png,주먹을 쥐고 힘차게 응원하는 모습. 굳은 의지를 보이며 상대를 격려하고 용기를 북돋아준다.,"아자,응원,격려,의지,"
1,인삼_뿌듯_좋습니다.png,엄지손가락을 치켜세우며 만족스러운 듯한 표정을 짓고 있다. 긍정적인 감정을 표현하는 모습이다.,"좋아,좋았,좋다,좋네,좋음,좋은,좋게,좋을,조아,조타,조음,조은,나이,굿,짱,뿌듯,"
1,인삼_뿌듯_자신만만.png,팔짱을 끼고 눈을 감은 채 만족스러운 표정을 짓고 있다. 스스로에 대한 믿음이 강하게 느껴진다.,"뿌듯,자신,"
1,인삼_설렘_가보자고.png,활기찬 모습으로 손가락질하며 앞으로 나아가려는 의지를 보인다. 긍정적인 에너지가 느껴진다.,"설레,가보,의욕,활기,"
1,인삼_기대_준비완료.png,미소를 지으며 무언가를 준비하고 기다리는 듯한 모습이다. 만족스러운 표정이 엿보인다.,"기대,준비,"
1,인삼_격려_할 수 있다.png,주먹을 쥐고 무언가를 다짐하는 듯한 모습이다. 긍정적인 의지를 북돋아주는 듯한 행동을 보인다.,"격려,할수,"
1,인삼_응원_파이팅.png,활짝 웃으며 두 팔을 들고 응원하는 모습이다. 긍정적인 기운을 북돋아 주는 듯하다.,"파이,응원,"
1,인삼_축하_경축.png,메달을 든 채 기쁨을 감추지 못하고 얼굴을 찡그리며 감격에 벅찬 듯한 모습이다.,"경축,축하,기쁨,감격,"
1,인삼_축하_멋지지.png,메달을 걸고 멋지지 않냐며 자랑을 하는 포즈.,"멋지,"
1,인삼_기대중.png,무언가를 기다리며 은근한 미소를 짓고 있다. 긍정적인 감정을 내비치며 기대하는 모습이다.,"기대,"
1,인삼_축하_해냈다.png,"두 손을 모으고 붉은색 리본을 착용한 채, 무언가를 해냈다는 듯 기뻐하며 환하게 웃고 있다.","해냈,축하,"
1,인삼_응원해.png,팔짱을 끼고 누군가를 격려하며 응원하는 모습이다. 미소를 짓고 있어 긍정적인 감정을 표현한다.,"응원,격려,"
1,인삼_웃음_ㅋㅋ.png,종이에 무언가를 쓰거나 공부하며 즐거워하는 모습. 눈을 감고 입가에 미소를 띤 채 웃고 있다.,"웃음,ㅋ,"
1,인삼_격려_잘될꺼야.png,누군가를 응원하며 격려하는 듯한 모습이다. 긍정적인 기운을 북돋아주고자 하는 따뜻한 마음이 느껴진다.,"잘될,격려,응원,"
1,인삼_진행시켜.png,카리스마 있는 표정으로 '진행시켜'라고 말하며 의미심장한 미소를 짓고 있다.,"진행,"
1,인삼_안도_다행이다.png,안도하며 가슴을 쓸어내리는 모습. 놀란 표정으로 입을 벌리고 안심하는 듯한 감정을 드러낸다.,"다행,안도,안심,놀람,"
1,인삼_위로_괜찮아.png,한쪽 눈을 찡긋하며 사탕을 들고 괜찮다고 말하며 상대를 안심시키려는 듯한 모습이다.,"괜찮,위로,"
1,인삼_사과_잘못했어요.png,눈물을 글썽이며 잘못을 뉘우치는 듯한 모습이다. 두 손을 모으고 반성하는 자세를 취하고 있다.,"잘못,후회,반성,뉘우,미안"
1,인삼_깨달음.png,"깨닫거나 놀라 당황한 듯, 입을 벌리고 머리 위에 물음표가 떠 있는 모습이다.","놀람,당황,어리,깨달,??,"
1,인삼_사과_죄송해요.png,눈물을 글썽이며 얼굴을 감싸고 사과하는 모습이다. 후회와 미안함이 느껴진다.,"죄송,미안,후회,슬픔,자책,"
1,인삼_감사_고마워.png,미소짓는 모습에서 감사하는 마음이 느껴진다. 상대방에게 고마움을 표현하는 듯한 행동을 보인다.,"고마,고맙,감사,"
1,인삼_감사_감사합니다.png,두 손을 모으고 고개를 살짝 숙이며 감사 인사를 전하고 있다. 온화하고 겸손한 태도가 느껴진다.,"감사,"
1,인삼_감탄_오.png,놀라움에 입을 벌리고 손을 마주치며 감탄하는 모습이다. ,"오,감탄,놀람,"
1,인삼_감탄_아하.png,"무언가를 깨달은 듯한 표정으로, 놀라움과 기쁨이 섞인 감탄사를 외치고 있다.","아하,감탄,"
1,인삼_대답_그래.png,손가락으로 가리키며 긍정적인 답변을 하는 모습. 확신에 찬 표정으로 동의를 표현하고 있다.,"그래,동의,"
1,인삼_저 왔어요.png,"양 손으로 꽃받침을 한채 반가움을 표현하며, 누군가에게 도착했음을 알리는 듯한 모습이다.","왔어,왔다,왔습,"
1,인삼_출석.png,한 손을 흔들며 밝게 인사하고 있다. 눈을 감고 웃는 모습에서 긍정적인 감정이 느껴진다.,"출석,"
1,인삼_인사_안녕.png,누군가에게 반갑게 인사하며 친근함을 표현하고 있다.,"안녕,인사,"
1,인삼_인사_안녕하세요.png,한 손을 들어올려 인사하며 반가움을 표현하고 있다. 밝은 표정으로 상냥하게 인사하는 모습이다.,"안녕,인사,반가,"
1,인삼_짜증_화남.png,머리가 붉어지고 얼굴을 찡그린 채 분노를 느끼며 짜증스러워하는 모습이다.,"짜증,분노,"
1,인삼_민망.png,얼굴을 붉히며 어색하고 난처한 듯한 표정을 짓고 있다. 곤란함과 미안함이 느껴진다.,"민망,"
1,인삼_당황_헉.png,"예상치 못한 상황에 마주쳐 당황한 듯, 얼굴이 굳고 어쩔 줄 몰라하는 모습이다.","헉,당황,"
1,인삼_답답.png,답답함을 느끼며 한숨을 쉬고 있다. 눈을 감고 괴로운 듯한 표정을 짓고 있다.,"답답,한숨,괴로,"
1,인삼_짜증_분노.png,얼굴을 찡그리고 팔짱을 낀 채 화가 난 듯한 모습이다. 머리 위로 분노를 표현하는 연기가 솟아오르고 있다.,"짜증,분노,"
1,인삼_불안_떨려요.png,불안한 듯 입을 가리고 떨리는 감정을 느끼며 걱정스러운 표정을 짓고 있다.,"불안,떨려,걱정,"
1,인삼_슬픔_ㅠㅠ.png,풀이 죽은 듯 눈을 내리깔고 슬픔에 잠겨 있다. 땀을 흘리며 어찌할 바를 모르는 듯한 모습이다.,"슬픔,ㅠㅠ,"
1,인삼_피곤_졸았어요.png,"졸린 듯 눈을 감고 있으며, 피곤함에 지친 표정을 짓고 있다. 정신이 몽롱한 상태로 보인다.","졸았,피곤,졸음,졸다,졸려,졸림,"
1,인삼_피곤.png,"눈 밑이 어둡고 풀이 죽은 표정으로, 지쳐 보이는 모습이다. 말풍선에 '피곤...'이라고 적혀 있다.","피곤,지침,무기"
1,인삼_스트레스.png,풀이 죽은 표정으로 머리를 감싸 쥐고 있다. 힘겨운 듯 한숨을 내쉬며 스트레스를 받는 모습이다.,"스트,힘듦,한숨,풀죽,힘들,에휴,아이,"
1,인삼_실망_아쉽다.png,풀이 죽은 표정으로 고개를 살짝 숙이고 있다. 무언가에 대한 아쉬움과 실망감을 느끼는 듯하다.,"아쉽,실망,"
1,인삼_과부하_지침.png,"눈을 감고 입을 벌린 채 힘이 없는 모습으로, 피로와 권태로 인해 지쳐 보이는 감정을 표현하고 있다.","지침,과부,피로,권태,지친,지쳐,"
1,인삼_답답_안 돼.png,얼굴을 찡그리고 입을 벌린 채 '안 돼!'라고 외치며 좌절하는 듯한 모습이다. 답답함을 느끼는 듯하다.,"안돼,답답,안되,"
1,인삼_스트레스_머리 아파요.png,머리를 감싸 쥐고 괴로워하는 모습. 눈을 감고 고통을 참는 듯한 표정을 짓고 있다.,"머리,스트,아파,아픔,아픈,"
1,인삼_슬픔_힝.png,시무룩한 표정으로 입을 삐죽 내밀며 서운함과 슬픔을 표현하고 있다.,"힝,슬픔,서운,"
2,토중이_시작_오늘도 화이팅.png,"윙크하며 혀를 내밀고 브이 포즈를 취하며, 긍정적인 기운을 북돋아 주는 듯한 모습이다.","파이,응원,활기,화이,기운,"
2,토중이_학습_잘 모르겠어요.png,고개를 갸웃거리고 손을 턱에 댄 채 생각에 잠긴 듯한 모습. 물음표가 떠다니며 혼란스러움을 표현한다.,"모르,혼란,고민,난감,어렵,"
2,토중이_위로_걱정.png,토끼 캐릭터가 걱정스러운 표정으로 팔짱을 끼고 생각에 잠겨 있다. 근심과 불안감이 느껴진다.,"으아,걱정,근심,불안,생각,"
2,토중이_정답.png,득의양양한 표정으로 정답을 외치며 승리를 확신하는 듯한 모습이다. 자신감 넘치는 태도가 돋보인다.,"정답,승리,확신,자신,"
2,토중이_위로_믿고 있다.png,누군가를 격려하며 믿음을 주는 듯한 모습이다. 한 손을 들어 상대를 가리키며 응원하고 있다.,"믿고,믿음,믿어,믿자,격려,위로,힘내,"
2,토중이_시작_준비됐니_.png,무언가를 시작하기 전에 상대방에게 준비되었는지 묻는 듯한 표정과 몸짓을 하고 있다.,"준비,시작,질문,확인,"
2,토중이_완료_다 했습니당.png,다 푼 문제를 들고 환하게 웃으며 만족감을 드러내고 있다. 완료한 후의 성취감을 표현한다.,"다했,완료,성취,만족,"
2,토중이_경고_스탑.png,"당황한 듯 얼굴이 붉어지고, 무언가를 멈추라고 외치는 모습에서 긴박함과 경고의 감정이 느껴진다.","스탑,경고,당황,긴박,멈춰,잠깐,"
2,토중이_학습_이해됐나요_.png,내용을 확인하고 이해 여부를 묻는 듯한 표정이다. 걱정이 섞인 복잡한 감정이 느껴진다.,"이해,난감,걱정,"
2,토중이_위로_잘하고 있어.png,누군가를 격려하며 칭찬하는 듯한 모습이다. 엄지손가락을 치켜세우며 긍정적인 메시지를 전달하고 있다.,"잘하,격려,칭찬,힘내,"
2,토중이_위로_잘하고 있다.png,캐릭터가 하트를 들고 격려하는 듯한 모습이다. 밝은 표정으로 긍정적인 메시지를 전달하고 있다.,"잘하,격려,힘내,"
2,토중이_위로_아푸지마.png,"두 캐릭터가 서로를 안고 위로하는 모습. 눈을 감고 편안함을 느끼며, 따뜻한 감정을 나누고 있다.","위로,아프,아파,"
2,토중이_어려움_헷갈려요.png,헷갈린다는 팻말을 들고 눈물을 글썽이며 혼란스러워하는 모습. 어려움에 처해 괴로워하는 듯하다.,"헷갈,어려,으악,혼란,어렵,"
2,토중이_질문 있어요.png,질문이 있어 손을 들고 궁금한 점을 표현하고 있다. 당황한 듯 입을 벌린 모습이다.,"질문,궁금"
2,토중이_혼란_모르겠어요.png,모르겠다는 얼굴로 한 손으로 얼굴을 짚고 고민하는 듯한 모습,"몰라,혼란,어렵,몰랐,모를,어려,모르"
3,말랑이_뿌듯.png,두 팔을 벌리고 만족스러운 미소를 짓고 있다. 무언가 성취한 듯한 뿌듯함이 느껴진다.,"뿌듯,만족,행복,"
3,말랑이_그렇구나.png,"무언가를 듣고 난 후, 체념한 듯한 표정으로 '그렇구나'라고 말하며 수긍하는 모습이다.","그렇,수긍,체념,그랬,그래,그럼,그럴,"
3,말랑이_이해완료.png,"만족스러운 미소를 지으며, 무언가를 완전히 이해했다는 듯한 자신감 넘치는 태도를 보인다.","이해,만족,자신,완료,"
3,말랑이_도파민.png,캐릭터가 두 팔을 모으고 집중해서 무언가를 보고 있다. 얼굴에 미소를 짓고 있다. 긍정적인 감정을 표현하는 듯하다.,"도파민,행복,만족,흐흐,ㅎㅎ"
3,말랑이_뇌정지.png,머리 속이 텅 비어 멍한 표정을 짓고 있다. 정신이 멍해진 듯한 모습이다.,"뇌정지,멍,텅,엥,멍때,멍함,멍한,멍할,텅빔,텅빈,텅비,"
3,말랑이_광기_후후후.png,책을 보며 묘한 미소를 짓고 있다. 속내를 알 수 없는 행동과 감정이 느껴진다.,"후후,광기,ㅎㅎ,집중,후훗,"
3,말랑이_문제_당황.png,책을 보며 당황한 듯한 표정을 짓고 있다. 입을 벌리고 어쩔 줄 몰라하는 모습이다.,"당황,문제,으엑,"
3,말랑이_자신만만.png,반짝이는 별을 들고 자신감 넘치는 표정을 짓고 있다. 스스로에 대한 믿음이 강하게 느껴진다.,"자신,"
3,말랑이_혼란.png,갈림길에서 어느 방향으로 가야 할지 몰라 당황하고 혼란스러워하는 모습이다.,"혼란,어디,"
3,말랑이_패닉_으아악.png,당황한 듯 입을 벌리고 소리치는 모습. 갑작스러운 상황에 패닉에 빠져 어쩔 줄 몰라하는 감정이 느껴진다.,"으아,패닉,당황,으악,아악,"
3,말랑이_대답_네.png,"긍정적인 어조로 대답하며, 입을 벌리고 대답하는 표정을 짓고 있다.","네,넵,네엡,응,예,예쓰,"
3,말랑이_이해_끄덕.png,긍정적인 태도로 고개를 끄덕이며 이해하고 동의하는 듯한 모습을 보인다.,"끄덕,이해,동의,"
3,말랑이_도움필요.png,도움을 요청하며 어려움을 호소하고 있다. 무언가에 갇힌 듯한 답답함과 절박함이 느껴진다.,"도움,절박,어려,갇힘,도와,어렵"
3,말랑이_들어봐.png,내가 하는 말을 들어보라는 제스쳐를 취하고 있다.,"리슨,들어,봐,보자"
3,말랑이_웃음_꺄르륵.png,책을 읽으며 즐거워하는 모습. 소리 내어 웃는 듯한 표정에서 유쾌함이 느껴진다.,"웃음,꺄르,즐거,즐겁,유쾌,꺄륵,웃겨,웃기,"
3,말랑이_칭찬_잘했어요.png,"칭찬하며 엄지 척을 하고 있다. 만족스러운 듯 미소를 짓고 있으며, 긍정적인 감정을 표현한다.","잘했,칭찬,좋다,좋아,조은,조타,좋네,조아,좋았,좋음,좋을,좋은,좋게,나이,굿,짱,쩔,"
3,말랑이_집중.png,안경을 쓰고 무언가에 몰두하여 집중하는 모습. 진지한 표정으로 업무나 공부에 열중하는 듯하다.,"집중,몰두,진지,"
3,말랑이_멍해짐.png,멍한 표정으로 입을 벌린 채 넋이 나간 듯한 모습이다. 정신이 놓고 멍해진 상태를 표현한다.,"멍,넋나,멍때,멍함,멍한,멍할,"
3,말랑이_졸림_집중저하.png,졸린 듯 눈을 감고 미소짓고 있다. 무언가에 기대어 편안함을 느끼며 잠에 빠지려는 모습이다.,"졸리,졸음,졸려,조는,집중,나른,졸림,졸렸"
3,말랑이_학습시작_고고.png,"손가락으로 무언가를 가리키며, 학습을 시작하려는 듯한 의지를 보이는 모습이다.","고고,시작,ㄱㄱ,"
4,깐멍이_혼란_궁금.png,고개를 갸웃거리고 턱을 괴며 궁금증을 느끼는 듯한 모습이다. 혼란스러운 감정이 느껴진다.,"혼란,궁금,어리,오잉,"
4,깐멍이_짜잔.png,무언가를 보여주며 놀라움을 표현하는 듯한 모습이다. 기대감을 유발하며 긍정적인 감정을 전달한다.,"짜잔,기대,긍정,"
4,깐멍이_분노_위협.png,눈을 부릅뜨고 입을 굳게 다문 채 불쾌감을 드러내며 상대를 위협하는 듯한 모습이다.,"크르,분노,위협,으으,"
4,깐멍이_자신감_당당.png,앞을 응시하며 '당-당'이라고 말하는 모습에서 자신감과 당당함이 느껴진다. 굳건한 의지가 엿보인다.,"자신,당당,굳건,"
4,깐멍이_곤란.png,난처한 표정으로 턱을 괴고 고민하는 듯한 모습이다. 복잡한 생각에 잠겨 곤란함을 느끼는 듯하다.,"곤란,"
4,깐멍이_으악.png,"당황한 듯 손을 들고 있으며, 난처하거나 불쾌한 감정을 느끼는 듯한 표정을 짓고 있다.","으악,당황,난처,불쾌,"
4,깐멍이_좋아요.png,손가락으로 무언가를 가리키며 '굿'이라고 말하고 있다. 긍정적인 감정을 표현하고 있는 듯하다.,"좋아,좋았,좋다,좋네,좋음,좋은,좋게,좋을,조아,조타,조음,조은,나이,굿,짱,쩔,뿌듯,"
4,깐멍이_눈치봄.png,벽 뒤에 숨어 조심스럽게 눈치를 살피며 상황을 파악하려는 듯한 모습이다. 불안하고 궁금한 감정이 느껴진다.,"눈치,불안,궁금,조심,"
4,깐멍이_하트.png,"두 손을 들고 하트가 떠다니는 모습으로, 애정을 표현하며 행복한 감정을 느끼는 듯하다.","사랑,행복,애정,최고"
4,깐멍이_고민.png,끙끙 앓으며 고민하는 듯한 표정이다. 눈썹을 찡그리고 입을 굳게 다문 채 생각에 잠겨 있다.,"끙끙,고민,생각,"
4,깐멍이_감시중.png,"무언가를 몰래 지켜보는 듯한 표정으로, 숨어서 상황을 주시하며 경계하는 듯한 모습이다.","감시,경계,주시,몰래,궁금,지켜"
4,깐멍이_놀람.png,무언가 예상치 못한 상황에 직면하여 놀라거나 당황한 듯한 표정을 짓고 있다. 궁금증과 함께 약간의 혼란스러움이 느껴진다.,"으아,당황,혼란,궁금,놀람,"
4,깐멍이_당황_의문.png,당황한 듯한 표정으로 어찌할 바를 모르는 모습이다. 예상치 못한 상황에 놓여 혼란스러워하는 감정이 느껴진다.,"어째,당황,혼란,난감,"
4,깐멍이_분노_참음.png,"뚱한 표정으로 찡그린 얼굴을 하고 있으며, 주먹을 쥔 채로 불만을 드러내는 듯한 모습이다. 무언가 못마땅하거나 화가 난 감정을 표현하고 있다.","크으,불만,흥,분노,화"
4,깐멍이_감탄.png,무언가 예상치 못한 상황에 놀라 당황한 듯한 표정을 짓고 있다. 동그란 눈과 살짝 벌어진 입이 놀라움을 강조한다.,"오,읏,당황,놀람,"
4,깐멍이_충격_이럴수가.png,예상치 못한 상황에 직면하여 놀라움과 당혹감을 느끼는 모습이다. 입을 벌린 채 어찌할 바 모르는 듯한 표정을 짓고 있다.,"이럴,당황,놀람,어이,"
4,깐멍이_아하_깨달음.png,무언가를 깨달은 듯 손을 턱에 대고 생각에 잠긴 표정을 짓고 있다. '아하'라는 글자가 위에 있어 상황을 더욱 강조한다.,"깨달,생각,아하,"
4,깐멍이_감탄_오호라.png,"강아지가 놀라거나 당황한 듯한 표정을 짓고 있다. 머리 위에 느낌표가 떠 있으며, 입을 다문 채 눈을 크게 뜨고 있다.","오호,놀람,당황,어리,"
4,깐멍이_아니_거절.png,눈을 감고 단호하게 아니라고 고개를 젓고 있다.,"졸림,피곤,하품,꾸벅"
4,깐멍이_생각중.png,안경을 쓴 채 멍하니 고민하는 모습,"음,으음,난감,곤란,"
5,땅콩이_공감_맞아요.png,두 손을 모으고 눈을 감은 채 공감하는 듯한 모습이다. 땀을 흘리며 안도하는 감정이 느껴진다.,"맞아,맞았,맞다,맞네,맞음,맞은,맞게,맞을,공감,안도,"
5,땅콩이_안도_휴.png,지친 듯 눈을 감고 입을 벌린 채 한 손으로 이마를 짚고 있다. 머리 위에 '휴' 표시가 떠 있다.,"안도,휴,지침,지쳐,피로,피곤,"
5,땅콩이_안도_다행이다.png,안도하며 가슴을 쓸어내리고 있다. 다행이라는 듯 눈을 감고 입을 벌린 채 안심하는 표정이다.,"안도,다행,안심,"
5,땅콩이_사과_죄송해요.png,눈물을 글썽이며 얼굴을 붉히고 입을 벌린 채 '죄송해요'라고 말하며 사과하는 듯한 모습이다.,"죄송,ㅠㅠ,ㅜㅜ,후회,미안,슬픔,슬퍼,"
5,땅콩이_사과_잘못했어요.png,눈물을 글썽이며 얼굴을 붉히고 잘못을 뉘우치는 듯한 모습이다. '잘못했어요'라는 말풍선이 함께 보인다.,"잘못,후회,죄송,반성,뉘우,"
5,땅콩이_공감_괜찮아.png,"두 손을 모으고 눈을 감은 채 미소짓고 있으며, 상대방을 안심시키려는 듯 ""괜찮아~""라고 말하고 있다.","괜찮,공감,안심,위로,"
5,땅콩이_공감_괜춘_.png,손을 모으고 턱을 괴며 '괜춘?'이라고 묻는 모습에서 상대방의 상태를 걱정하고 공감하려는 듯하다.,"괜찮,공감,안심,배려,"
5,땅콩이_감탄_흠.png,두 손을 모으고 눈을 감은 채 감탄하는 듯한 표정을 짓고 있다. 만족스러운 듯 미소짓고 있다.,"흠,감탄,"
5,땅콩이_놀람_오오오.png,입을 벌리고 손을 든 채 놀라움을 표현하고 있다. 느낌표를 통해 강조된 감정을 확인할 수 있다.,"놀람,놀라,놀랐,놀란,놀랄,오오,와우,어머,우와,오와"
5,땅콩이_감탄_대박.png,놀라움에 입을 크게 벌리고 두 눈을 크게 뜬 채 감탄하는 모습이다. 뺨이 발그레하다.,"감탄,대박,놀람,놀라,놀랐,놀란,놀랄,흥분,우와,오와,이야"
5,땅콩이_감탄_헙.png,두 손을 모으고 놀라거나 감탄하는 듯한 표정을 짓고 있다. 무언가에 대한 기대감을 보이는 듯하다.,"헙,감탄,기대,헉,허걱,헐,"
5,땅콩이_인사_고생하셨습니다.png,지친 듯 눈을 감고 고개를 숙인 채 인사하고 있다. 수고했다는 말에 감사함을 느끼는 모습이다.,"고생,인사,감사,수고,들어가"
5,땅콩이_인사_출석 체크.png,한 손을 들고 눈을 감은 채 웃으며 인사하고 있다. 밝고 긍정적인 감정이 느껴진다.,"인사,출석,반가,반갑,ㅎㅇ,안녕,하이,"
5,땅콩이_대답_네.png,"한 손을 들고 입을 크게 벌려 긍정적인 대답을 외치는 모습으로, 활기차고 긍정적인 감정을 표현하고 있다.","네,ㅇㅇ,넹,넵,넷,"
5,땅콩이_인사_안녕.png,한 손을 들어올려 인사하며 반가움을 표현하고 있다. 밝고 긍정적인 느낌을 준다.,"안녕,인사,반가,반갑,ㅎㅇ,하이,"
5,땅콩이_인사_안녕하세요.png,"한 손을 들어올려 인사하며, 밝고 긍정적인 태도를 보인다. 정중하고 친근한 느낌을 준다.","안녕,인사,반가,반갑,"
5,땅콩이_감사_고맙습니다.png,"두 손을 모으고 눈을 감은 채 감사 인사를 전하며, 겸손하고 차분한 태도를 보인다.","감사,고맙,고마,ㄱㅅ,"
6,치냥이_분노_폭발.png,양손을 들고 얼굴을 찡그린 채 울부짖고 있다. 극심한 분노와 좌절감을 느끼며 격렬하게 감정을 표출하는 모습이다.,"분노,폭발,좌절,울부,격렬,우아,아악,악,으으,ㅠㅠ,ㅜㅜ,흑흑,"
6,치냥이_분노_1.png,머리 위에 불이 붙을 정도로 화가 난 모습. 굳게 다문 입과 찌푸린 미간에서 분노가 느껴진다.,"분노,화남,화나,화났,화난,화날,짜증,으으"
6,치냥이_분노.png,"머리 위에 불이 붙고, 주먹을 쥔 채 얼굴을 찡그리고 있는 모습에서 강한 분노가 느껴진다.","분노,짜증,화,흥,"
6,치냥이_당황_아앗.png,당황한 듯한 표정으로 땀을 흘리며 어쩔 줄 몰라하는 모습이다. 곤란한 상황에 처한 듯 보인다.,"당황,아앗,곤란,난감, 앗"
6,치냥이_죄송해요.png,두 손을 모으고 시무룩한 표정을 짓고 있다. 잘못을 뉘우치고 용서를 구하는 듯한 모습이다.,"죄송,후회,반성,미안,"
6,치냥이_아픔.png,아픈 듯 이마에 냉찜질을 하고 땀을 흘리며 괴로워하는 모습이다. 힘없이 엎드려 있다.,"아픔,괴로움,힘듦,아파,아프,힘드,아퍼,열나,아푸"
6,치냥이_당황_식은땀.png,손을 입에 대고 당황한 듯 식은땀을 흘리며 어찌할 바 모르는 모습이다. 곤란한 상황에 처한 듯 보인다.,"당황,식은땀,곤란,어쩔,;;,"
6,치냥이_패닉_울먹.png,당황한 듯 눈을 크게 뜨고 어쩔 줄 몰라 하며 울먹거리는 모습이다. 식은땀을 흘리고 있다.,"패닉,울먹,호에엥,당황,어쩔줄모름,ㅠㅠ,흑흑,ㅜㅜ"
6,치냥이_떨림_긴장.png,"몸을 웅크린 채 두려움에 떨고 있으며, 불안한 표정을 짓고 있다. 긴장한 듯 식은땀을 흘리고 있다.","떨림,긴장,불안,두려움,식은땀,"
6,치냥이_졸림.png,하품하며 졸린 듯한 표정을 짓고 있다. 손으로 입을 가리고 졸음을 참으려는 모습이다.,"흐암,졸림,하품,졸려,졸린"
6,치냥이_울먹.png,눈물을 글썽이며 입을 삐죽 내밀고 힝구거리는 모습에서 서러움과 슬픔이 느껴진다.,"힝구,울먹,슬픔,서러움,ㅠ,"
6,치냥이_스트레스.png,화가 난 듯 얼굴을 찡그리고 입을 크게 벌린 채 소리치고 있다. 스트레스를 받는 상황으로 보인다.,"스트레스,분노,짜증,절규,"
6,치냥이_난감.png,곤란한 듯 얼굴을 찡그리고 있다. 어찌할 바를 몰라 망설이는 듯한 표정이다.,"난감,곤란,망설임,걱정,"
6,치냥이_절레절레.png,못마땅한 표정으로 팔짱을 끼고 고개를 가로젓는 모습에서 강한 거부감과 불쾌함이 느껴진다.,"절레절레,불쾌,거부,싫음,짜증,"
6,치냥이_방전_배터리_0퍼.png,"기운 없이 풀이 죽은 모습으로, 배터리가 방전되어 힘이 없는 상태를 표현하고 있다.","방전,지침,무기력,배터리없음,"
6,치냥이_훌쩍.png,눈물을 글썽이며 슬픔을 억누르는 듯한 모습이다. 울먹이는 감정이 느껴진다.,"훌쩍,슬픔,울먹임,눈물,"
6,치냥이_놀람_으악.png,두 손으로 눈을 가리고 입을 벌린 채 놀라거나 당황한 듯한 모습이다. 예상치 못한 상황에 직면한 듯 보인다.,"놀람,으악,당황,두려움,"
6,치냥이_아쉬움.png,실망한 듯한 표정으로 고개를 약간 숙이고 있다. 무언가 이루지 못한 듯 아쉬워하는 감정이 느껴진다.,"아쉬움,실망,풀죽음,"
6,치냥이_멘붕_좌절.png,"풀이 죽어 쓰러진 듯한 모습으로, 당황스러움과 좌절감을 느끼는 듯하다. 땀방울이 이를 더욱 강조한다.","멘붕,좌절,흐에엥,"
6,치냥이_오열.png,눈물을 펑펑 쏟으며 울고 있다. 슬픔을 참지 못하고 흐느끼는 모습이 보인다.,"엉엉,오열,슬픔,흐느낌,ㅠㅠ,"
7,호동_인사_안녕히계세요.png,캐릭터가 눈을 감고 미소를 지으며 작별 인사를 건네고 있다. 평온하고 긍정적인 감정이 느껴진다.,"안녕,인사,"
7,호동_감탄_가즈아.png,손가락을 뻗어 갈 방향을 가르키며 가자 라고 외치고 있다. ,가자
7,호동_안도_휴우.png,"턱을 괴고 눈을 감은 채 한숨을 쉬는 모습으로, 지치고 힘없는 감정을 표현하고 있다.","안도,휴우,지침,힘없,한숨,"
7,호동_대답_고고.png,상대를 격려하며 가보자고 표현하고 있다. ,"고고,"
7,호동_안도_으으.png,눈을 감고 입을 오므린 채 머리가 아픈듯 무언가를 참는 듯한 표정이다. 머리 위에 '으으...'라는 글자가 보인다.,"으으,머리,고민,"
7,호동_감탄_오 대박.png,두 엄지손가락을 치켜세우며 놀라움과 감탄을 표현하고 있다. 긍정적인 감정을 드러내고 있다.,"오,감탄,놀라,대박"
7,"호동_위로_괜찮아, 괜찮아.png",손을 들어올려 상대를 안심시키려는 듯한 모습이다. 괜찮다는 말을 반복하며 위로를 건네고 있다.,"괜찮,갠차,"
7,호동_대답_알겠다.png,앞을 응시하며 손을 들고 긍정하는 듯한 모습이다. 내용을 이해하고 수긍하는 감정이 느껴진다.,"알겠,알게,알것,알겟,알아,아라,"
7,호동_위로_괜찮아-1.png,눈을 감고 미소를 지으며 '이해해'라고 말하는 모습에서 상대방을 위로하고 공감하는 듯한 따뜻함이 느껴진다.,"이해,괜찮,갠차,"
7,호동_대답_그래.png,긍정적인 표정으로 동의하며 수긍하는 듯한 모습이다.,"그래,그럴,그랬,"
7,호동_시무룩_맞아요.png,뚱한 표정으로 무언가를 인정하는 듯한 모습이다. 입술을 내밀고 고개를 살짝 숙이고 있다.,"맞아,시무,"
7,호동_대답_네.png,윙크하며 긍정의 제스처를 취하고 있다. 긍정적인 감정을 표현하며 대답하는 모습이다.,"네,넵,네엡,응,예,예쓰,"
7,호동_안도_휴.png,지친 듯 한숨을 쉬며 안도하는 모습. 눈을 감고 편안한 표정을 짓고 있다.,"안도,휴,한숨,"
7,호동_인사_꾸벅.png,고개를 숙여 인사하며 감사 또는 존경을 표현하고 있다. 눈을 감고 미소를 짓는 모습에서 겸손함이 느껴진다.,"꾸벅,인사,겸손,감사,"
7,호동_위로_괜찮아.png,손을 흔들며 괜찮다고 말하는 모습에서 상대를 안심시키려는 따뜻하고 긍정적인 감정이 느껴진다.,"위로,괜찮,안심,긍정,"
7,호동_인사_출석.png,활기찬 표정으로 출석을 알리는 모습. 긍정적인 태도로 참여 의사를 밝히고 있다.,"출석,참여,긍정,활기,"
7,호동_사과_잘못했어요.png,멋쩍은 듯 손을 들며 잘못을 인정하고 있다. 뉘우침과 함께 어색함이 느껴지는 표정이다.,"잘못,핫,멋쩍,뉘우,어색,죄송,"
7,호동_인사_안녕.png,"손을 들어올려 인사하는 모습으로, 반가움을 표현하고 있다.","안녕,인사,ㅎㅇ,하이,"
7,호동_감사_감사합니다.png,웃으며 손을 흔들고 있다. 감사 인사를 전하며 긍정적 감정을 표현하고 있다.,"감사,고마,고맙,"
7,호동_인사_안녕하세요.png,밝은 표정으로 손을 흔들며 인사하고 있다. 긍정적이고 활기찬 느낌을 준다.,"안녕,인사,ㅎㅇ,하이"
8,미뇽_선생님_기다려.png,기대감에 부푼 듯 두 손을 모으고 환하게 웃고 있다. 무언가를 기다리는 듯한 설렘이 느껴진다.,"기다,ㄱㄷ,기대,"
8,미뇽_선생님_당황_앗.png,예상치 못한 상황에 당황하여 어쩔 줄 몰라하며 뒷머리를 긁적이는 듯한 모습이다.,"앗,아핫,"
8,미뇽_선생님_격려_화이팅.png,두 팔을 들고 환호하며 격려하는 모습. 밝고 긍정적인 에너지를 발산하며 응원하는 듯하다.,"화이,영차,격려,응원,으쌰,"
8,미뇽_선생님_시무룩_알겠어.png,시무룩한 표정으로 입술을 내밀고 고개를 숙인 채 체념하는 듯한 행동을 보인다.,"헉,알겠,시무,"
8,미뇽_선생님_학습_같이_해볼까.png,"누군가에게 무언가를 함께 하자고 제안하며, 기대감과 약간의 설렘이 섞인 표정을 짓고 있다.","같이,해보,해봐,하자"
8,미뇽_선생님_약속.png,"약속에 대한 기대감과 설렘을 느끼며, 상대방에게 약속을 재차 확인하는 듯한 모습이다.","약속,"
8,미뇽_선생님_당황_충격.png,예상치 못한 상황에 직면하여 당황하고 충격을 받은 듯한 표정을 짓고 있다.,"헉,충격,허걱,대박"
8,미뇽_선생님_격려_정말_잘했어.png,"누군가를 끌어안고 기뻐하며 칭찬하는 모습. 볼이 발그레하고, 주변에 하트가 떠다닌다.","잘했,잘해,잘하"
8,미뇽_선생님_답장_좀.png,답장을 기다리며 눈물을 글썽이고 있다. 메시지를 확인하고 슬픔과 초조함을 느끼는 듯하다.,"답장,기다,흑,"
8,미뇽_선생님_격려_아주_잘_와주었어.png,두 손을 모으고 얼굴을 붉히며 감격한 듯한 표정을 짓고 있다. 칭찬이나 격려를 받은 상황으로 보인다.,"인사,어서,잘와,잘왔,왔,환영,"
8,미뇽_선생님_격려_응원.png,활짝 웃으며 팔을 들고 긍정적인 분위기를 연출하고 있다. 누군가를 격려하고 응원하는 듯한 모습이다.,"풀어,으쌰,응원,쭉쭉,풀자,"
8,미뇽_선생님_설렘_가보자고.png,"설렘을 느끼며, 무언가를 향해 적극적으로 함께 나아가자는 의지를 강하게 표현하고 있다.","설렘,가보,설레,"
8,미뇽_선생님_인사_수업_시작.png,수업 시작을 알리며 활기차게 인사하는 모습. 뺨이 발그레하고 입을 크게 벌려 웃고 있다.,"시작,인사,안녕,고고"
8,미뇽_선생님_학습_질문.png,질문을 환영하며 두 팔 벌려 적극적으로 맞이하는 모습. 긍정적이고 활기찬 태도를 보인다.,"질문,"
8,미뇽_선생님_격려_아주_잘했어.png,누군가를 향해 엄지손가락을 치켜세우며 칭찬하고 격려하는 듯한 모습이다. 긍정적인 태도가 엿보인다.,"잘했,칭찬,엄지,잘해"
8,미뇽_선생님_인사_수업_종료.png,"수업 종료 후, 밝은 표정으로 손을 흔들며 다음 만남을 기약하는 모습이다.","잘가,수업,다음,끝,안녕,바이"
9,규밍_선생님_기다려.png,기대감에 부푼 듯 두 손을 모으고 환하게 웃고 있다. 무언가를 기다리는 듯한 설렘이 느껴진다.,"기다,ㄱㄷ,기대,"
9,규밍_선생님_당황_앗.png,예상치 못한 상황에 당황하여 어쩔 줄 몰라하며 뒷머리를 긁적이는 듯한 모습이다.,"앗,아핫,"
9,규밍_선생님_격려_화이팅.png,두 팔을 들고 환호하며 격려하는 모습. 밝고 긍정적인 에너지를 발산하며 응원하는 듯하다.,"화이,영차,격려,응원,으쌰,"
9,규밍_선생님_시무룩_알겠어.png,시무룩한 표정으로 입술을 내밀고 고개를 숙인 채 체념하는 듯한 행동을 보인다.,"헉,알겠,시무,"
9,규밍_선생님_학습_같이_해볼까.png,"누군가에게 무언가를 함께 하자고 제안하며, 기대감과 약간의 설렘이 섞인 표정을 짓고 있다.","같이,해보,해봐,하자"
9,규밍_선생님_약속.png,"약속에 대한 기대감과 설렘을 느끼며, 상대방에게 약속을 재차 확인하는 듯한 모습이다.","약속,"
9,규밍_선생님_당황_충격.png,예상치 못한 상황에 직면하여 당황하고 충격을 받은 듯한 표정을 짓고 있다.,"헉,충격,허걱,대박"
9,규밍_선생님_격려_정말_잘했어.png,"누군가를 끌어안고 기뻐하며 칭찬하는 모습. 볼이 발그레하고, 주변에 하트가 떠다닌다.","잘했,잘해,잘하"
9,규밍_선생님_답장_좀.png,답장을 기다리며 눈물을 글썽이고 있다. 메시지를 확인하고 슬픔과 초조함을 느끼는 듯하다.,"답장,기다,흑,"
9,규밍_선생님_격려_아주_잘_와주었어.png,두 손을 모으고 얼굴을 붉히며 감격한 듯한 표정을 짓고 있다. 칭찬이나 격려를 받은 상황으로 보인다.,"인사,어서,잘와,잘왔,왔,환영,"
9,규밍_선생님_격려_응원.png,활짝 웃으며 팔을 들고 긍정적인 분위기를 연출하고 있다. 누군가를 격려하고 응원하는 듯한 모습이다.,"풀어,으쌰,응원,쭉쭉,풀자,"
9,규밍_선생님_설렘_가보자고.png,"설렘을 느끼며, 무언가를 향해 적극적으로 함께 나아가자는 의지를 강하게 표현하고 있다.","설렘,가보,설레,"
9,규밍_선생님_인사_수업_시작.png,수업 시작을 알리며 활기차게 인사하는 모습. 뺨이 발그레하고 입을 크게 벌려 웃고 있다.,"시작,인사,"
9,규밍_선생님_학습_질문.png,질문을 환영하며 두 팔 벌려 적극적으로 맞이하는 모습. 긍정적이고 활기찬 태도를 보인다.,"질문,"
9,규밍_선생님_격려_아주_잘했어.png,누군가를 향해 엄지손가락을 치켜세우며 칭찬하고 격려하는 듯한 모습이다. 긍정적인 태도가 엿보인다.,"잘했,칭찬,엄지,잘해"
9,규밍_선생님_인사_수업_종료.png,"수업 종료 후, 밝은 표정으로 손을 흔들며 다음 만남을 기약하는 모습이다.","잘가,수업,다음,끝,안녕,바이"
10,쿼카는_훈장님_마무리.png,마무리 단계로 넘어가자고 손짓하는 모습. 긍정적인 태도로 학습을 마무리하려함.,"마무,"
10,쿼카는_훈장님_한번보자.png,함께 살펴보자며 여유 있게 제안하고 기대한다.,"한번,체크,평가,보자,볼까"
10,쿼카는_훈장님_어려웠니.png,상대가 힘들었는지 물으며 걱정과 공감을 담아 부드럽게 살핀다.,"어려,틀렸,"
10,쿼카는_훈장님_어쩔수없구나.png,상황을 받아들이며 길게 한숨 내쉬고 체념과 수긍의 감정을 보인다.,"후우,어쩔,어쩌,"
10,쿼카는_훈장님_숙제.png,숙제 더미를 들이밀며 장난스럽게 숙제를 부여하고 의욕을 드러낸다.,"숙제,"
10,쿼카는_훈장님_도전.png,결의에 찬 표정으로 도전? 이라고 묻고 있다. 장난스럽게 도전을 하도록 독려,"도전,"
10,쿼카는_훈장님_잠깐_쉬자.png,무리하지 말라며 잠시 쉬자고 권하고 편안함과 배려를 전한다.,"쉬자,휴식,쉬는,쉼,"
10,쿼카는_훈장님_질문_있니.png,"질문이 있는지 물으며, 질문을 유도하며 차분히 안내하고 참여를 독려한다.","질문,궁금,"
10,쿼카는_훈장님_집중해보자.png,집중해보자며 집중을 촉구한다.,"집중,"
10,쿼카는_훈장님_다음으로_가보자.png,상황을 정리하고 다음 단계로 나아가자며 가벼운 기대를 보인다.,"다음,가보자,"
10,쿼카는_훈장님_고민_흠.png,고민에 빠진 듯 눈을 감고 생각에 잠겨 있다. 머리에서 김이 나는 듯한 연출이 보인다.,"흠,고민,흐음,음,"
10,쿼카는_훈장님_해보자.png,미소를 띠며 긍정적인 자세로 한 번 해보자는 의지를 드러낸다.,"해보자,의지,결심,할수,해봐,해볼,"
10,쿼카는_훈장님_격려_최고.png,활짝 웃으며 자신감 넘치게 엄지를 들어 칭찬과 긍정을 표현한다.,"최고,잘했,멋져,멋졌,"
10,쿼카는_훈장님_격려_할_수_있어.png,눈에 불을 켜고 주먹을 불끈 쥐며 할 수 있다며 다독이는 듯한 모습이다. 격려와 의지를 다지는 행동이 돋보인다.,"할수,의지,다짐,불끈,투지,자신,도전,"
10,쿼카는_훈장님_격려_잘했어.png,미소 지으며 만족스럽게 결과를 인정하고 격려한다.,"잘했,수고,칭찬,"
10,쿼카는_훈장님_공감_휴식.png,"휴식을 제안하며, 편안함과 공감을 유도하는 듯한 표정을 짓고 있다.","쉴까,쉬자,휴식,여유,조금,쉴,쉬는,"
10,쿼카는_훈장님_학습_질문.png,눈을 반짝이며 질문을 독려함. 궁금한 점이 있다면 언제든지 물어보라는 듯한 친절하고 적극적인 태도를 보인다.,"질문,언제,궁금,"
10,쿼카는_훈장님_학습_시작해볼까_.png,책을 들고 학습을 시작하자고 말하는 모습. ,"시작,공부,해보,"
10,쿼카는_훈장님_인사_수업_종료.png,"수업 종료 후, 다음 만남을 기약하며 인사하는 모습. ","다음,잘가,잘,"
10,쿼카는_훈장님_위로_믿음.png,진심 어린 눈빛으로 신뢰와 응원을 전한다.,"믿어,신뢰,응원,믿고,믿음,"
10,쿼카는_훈장님_인사_수고했어.png,"수업 종료 인사를 하며 ""오늘도 수고했어""라고 말하는 모습","수고,오늘,고생,마무리"
10,쿼카는_훈장님_인사_수업_시작.png,수업 시작을 알리며 활기차게 인사하고 있다.,시작
11,밍찌_다음_미션_고고.png,다음 할 일을 가리키며 새로운 목표를 향해 의욕적으로 나아가려는 긍정적인 감정을 표현합니다.,"미션, 고고, 다음미션, 다음미션고고, 다음미션ㄱㄱ, 다음미션가보자고, 다음미션가보자, 다음미션출발, 다음미션스타트, 다음할일, 다음단계, 다음목표, 가보자고, 가보자, 고고, ㄱㄱ, 출발, 스타트, 시작, 도전,"
11,밍찌_수업_준비됐나요.png,"활짝 웃으며 연필을 들고 수업 준비가 되었는지 묻는 모습으로, 즐겁게 공부를 시작하자는 긍정적인 감정을 표현합니다.","준비, 준비됐나요, 수업준비, 준비완료, 수업시작, 준비완료, 준비됐니, 준비됐어, 레디"
11,밍찌_어서와요.png,"활짝 웃는 얼굴로 한 손을 높이 들어 흔들며 반갑게 인사하는 모습으로, 환영하고 친근함을 표현합니다.","어서와, 반가워, 하이, hi, ㅎㅇ, 안녕, 헬로, 하이"
11,밍찌_언제_오려나.png,볼이 발그레해진 채 한 손으로 턱을 괴고 다른 손으로 손가락을 꼼지락거리며 누군가를 기다리는 모습에서 지루함과 궁금함이 느껴집니다.,"언제오려나, 언제와, 시간, 오고있나, 기다리는, 기다리고, 기다려요, 기다릴게"
11,밍찌_숙제_언제_할거에요.png,"볼이 발그레해진 채 책을 잔뜩 들고 있는 모습으로, 상대방에게 숙제를 언제 할 것인지 묻는 듯한 표정이다.","숙제, 숙제언제, 숙제언제할거예요, 숙제언제할거야, 숙제언제해, 숙제해, 숙제하자, 숙제해야지, "
11,밍찌_오늘도_달려보자구.png,의지를 다지며 연필을 쥐고 힘차게 나아가려는 모습에서 열정과 긍정적인 에너지가 느껴집니다.,"달려, 달려보자, 보자구, 가보자고, 가보자, 고고, ㄱㄱ, 출발, 스타트, 도전, 아자, 파이팅, 화이팅"
11,밍찌_미션_Start_가보자구.png,"연필을 쥐고 비장한 표정으로 정면을 응시하며, 다른 손으로 어딘가를 가리키며 힘찬 시작을 알리는 모습.","미션, 스타트, 가보자구, 미션스타트, 미션시작, 시작, 출발, 스타트, 고고, ㄱㄱ, 가보자, 가자, 도전"
11,밍찌_오늘도_화이팅.png,"두 팔을 들어 올려 힘줄이 돋보이는 근육을 자랑하며, 입을 크게 벌리고 활기찬 표정으로 응원과 격려의 메시지를 전달합니다.","화이팅, 오늘도, 힘내, 힘내자, 힘내요, 화이팅, 파이팅, 아자, 으쌰, 응원, 격려, 할수있다, 할수있어, 으라차차, 으라차, 기운내, 기운내요, 기운내자, 기운내자고, 힘, 근육, 자신감, 열정, 도전, 시작, 출발, 으쌰"
11,밍찌_잠들면_혼나.png,"졸음과 싸우며 해바라기씨를 들고 눈을 부릅뜨고 있는 모습으로, 잠들지 않으려는 의지와 함께 경고하는 듯한 감정을 표현하고 있습니다.","잠들면, 혼나, 잠들면혼나, 잠들면안돼, 자면안돼, 졸지마, 졸면안돼, 졸면혼나, 안돼, 경고, 화남, 정신, 졸음, 졸려, 졸림, 잠, 잠금지, 금지"
11,밍찌_할_수_있다_도전.png,두 주먹을 불끈 쥐고 활짝 웃으며 자신감 넘치는 표정으로 어떤 일이든 해낼 수 있다는 의지를 보여주는 모습,"할수있다, 도전, 화이팅, 파이팅, 아자, 으쌰, 힘내, 힘내자, 해보자, 가보자고, 가보자, 고고, ㄱㄱ, 출발, 스타트, 시작, 으쌰으쌰, 할수있어, 할수있음, 할수있지, 할수있따, 도전해보자, 도전하자, 도전이다, 도전열정, 의지, 자신감, 할수있당"
11,밍찌_강의_듣고_올까요.png,볼이 발그레해진 채 강의를 들을지 고민하며 화면을 가리키는 모습에서 배움에 대한 설렘과 망설임이 느껴집니다.,"강의, 강의듣고, 강의듣고올까요, 강의들을까, 수업들을까, 수업들을까요, 공부, 공부할까,"
11,밍찌_문제_풀어볼까요.png,두 손으로 문제지가 담긴 종이를 들고 질문에 대한 답을 찾으려는 듯 집중하며 고민하는 모습이다.,"문제, 풀어볼까요, 문제풀어볼까요, 문제풀자, 문제풀이, 풀자, 풀어보자, 풀어봐, 풀어볼까, 풀어볼게, 풀어봅시다, "
11,밍찌_오답_정리_해볼까요.png,O와 X가 표시된 채점 시험지를 양손으로 들어 보이고 있다. 틀린 문제를 함께 확인하고 고쳐보자고 권유한다.,"오답, 정리해볼까, 오답정리, 오답정리해볼까요, 오답노트,"
11,밍찌_지금까지_질문은.png,"커다란 물음표를 손가락으로 가리키며, 지금까지 진행된 내용에 대해 궁금한 점이나 질문이 있는지 물어보는 호기심 어린 표정이다.","질문은, 질문, 질문있나요, 질문있으세요, 궁금한점, 궁금한거, 궁금한거있어, 궁금한거있나요, 궁금한거있으세요, 궁금증"
11,밍찌_이해_되었을까요.png,느낌표 아이콘을 가리키며 상대방이 내용을 잘 이해했는지 확인하고 있다. 반응을 기다리는 듯한 초롱초롱하고 집중하는 눈빛이다.,"이해, 이해되었을까요, 이해됐을까요, 이해됐을까, 이해했니, 이해했어, 알겠니, 알겠어, 알아들었니, 알아들었어, 알아들었을까, 알아들었을까요, 알겠을까, 알겠을까요, 이해확인, "
11,밍찌_미션_새로고침.png,새로고침 화살표 아이콘을 가리키며 활짝 웃고 있다. ,"미션, 새로고침, 미션새로고침, 다시시작, 재시작, 업데이트, 초기화, 리셋, 새로고침하다, 새로고침하자, 새로고침할게, 새로고침해요, 새로고침합시다, 새로고침고, 새로고침ㄱㄱ, 새로고침하자고, 새로고침가자, 새로고침가보자"
11,밍찌_남은_미션은_숙제로.png,쌓여있는 책 더미를 손가락으로 가리키고 있다. 지금 다 하지 못한 남은 학습은 숙제로 해결하자고 제안하는 모습이다.,"미션, 숙제, 남은미션, 남은건, 남은,"
11,밍찌_오답_정리는_숙제로.png,"O/X가 표시된 시험지를 손가락으로 가리키며, 오답 정리를 숙제로 미루자고 제안하는 듯한 모습이다. ","오답, 오답정리, 숙제, 숙제로, 숙제는, 숙제다, 숙제야, 틀린문제, 틀린문제정리"
11,밍찌_오늘도_수고했어요.png,양손으로 힘껏 엄지를 치켜세우며 반짝이는 눈빛을 보내고 있다. 오늘 하루도 열심히 노력한 상대방을 격려하고 칭찬하는 따뜻한 모습이다.,"수고했어요, 수고했어, 수고하셨습니다, 수고하셨어요, 고생했어요, 고생했어, 고생하셨습니다, 고생하셨어요, 고생많았어요, 고생많았어"
11,밍찌_다음_시간에_만나요.png,밝은 표정으로 손을 힘차게 흔들며 작별 인사를 하고 있다.,"다음, 만나요, 다음에, 다음에만나요, 다음에봐요, 다음에봐, 다음에만나, 다음에또봐, 다음에또만나, 또봐, 또만나, 다음에, 안녕, 바이, ㅂㅇ, ㅃㅇ, 잘가, 잘가요"
11,밍찌_다_맞았다.png,100점'이라고 적힌 팻말을 들고 색종이 조각 속에서 환호하고 있다. 완벽한 결과에 대해 매우 기뻐하며 축하의 순간이다.,"다맞았다, 맞았어, 맞았다, 정답, 정답이야, 정답입니다, 딩동댕, 맞아, 맞음, 백점, 100점, 만점, 완벽,잘했어, 최고, 칭찬, 칭찬해, 굿, 나이스, 퍼펙트, 정답이다, 정답이요, 맞췄다, 맞췄어"
11,밍찌_와우_대단해.png,"두 손을 얼굴 가까이 들고 입을 벌린 채 놀라움과 감탄을 표현하며, 볼이 발그레해진 모습에서 기쁨과 칭찬의 감정이 드러납니다.","와우, 대단해, 와우대단해, wow, 놀라워, 놀랍다, 대박, 헐, 감탄, 칭찬, 인정, 최고, 잘한다, 잘했어, 수고했어, 고생했어, 최고, 멋지다, 멋져, 훌륭해, 훌륭하다, 칭찬해"
11,밍찌_굿_좋아요.png,두 엄지손가락을 치켜들고 활짝 웃으며 긍정적인 감정을 표현하고 있습니다. 볼이 발그레해져 기쁨이 더욱 강조됩니다.,"굿, 좋아, 좋아요, 좋아용, 좋아여, 좋다, 좋음, good"
11,밍찌_바로_그거야.png,볼이 발그레해진 채 활짝 웃으며 한 손으로는 엄지를 치켜들고 다른 손으로는 무언가를 정확히 가리키며 크게 공감하고 칭찬하는 모습,"바로, 그거야, 바로그거야, 맞아, 정답, 옳소, 옳다, 옳지, 굿, 좋아, 최고, 인정, 동의, 공감, 끄덕, 오케이, OK, 빙고, 맞는말, 정확해, 정확하다, 그렇지, 그렇다, 딱이야, 딱이다, 딱, 맞는"
11,밍찌_맞아_맞아.png,"상대방의 말에 적극적으로 동의하며 고개를 끄덕이고 환하게 웃는 모습으로, 공감과 긍정의 감정을 표현합니다.","맞아, 끄덕, 끄덕끄덕, 응, 응응, 그치, 그쵸, 동의, 공감, 인정, 옳소, 옳다, 정답, 오케이, OK, ㅇㅋ, ㅇㅇ, 좋아, 좋아요, 굿, 찬성"
11,밍찌_아이쿠_저런.png,볼이 발그레해진 채 두 손을 모으고 입을 벌려 놀라거나 당황한 표정을 짓고 있습니다.,"아이쿠, 저런, 아이쿠저런, 아이고, 이런, 어이쿠, 어휴, 맙소사, 세상에, 이럴수가, 곤란, 민망, 어색, 머쓱"
11,밍찌_아쉽네요.png,두 손을 모으고 눈물을 펑펑 흘리며 아쉬움과 슬픔을 표현하고 있습니다.,"아쉽네요, 아쉽다, 아쉬워, 아쉬움, 아쉽, 아쉽네, 아쉽다능, 아쉽구만, 아쉽습니다, 아쉽다, ㅠㅠ, ㅜㅜ, ㅠ, ㅜ"
11,밍찌_잘하고_있어요.png,"두 엄지손가락을 치켜세우며 활짝 웃는 모습으로, 상대방을 칭찬하고 격려하며 응원하는 긍정적인 감정을 표현합니다.","잘하고있어요, 잘하고, 잘한다, 잘했어, 최고, 엄지척, 칭찬, 응원, 화이팅, 힘내, 수고했어, 굿, 좋아, 최고야, 대단해, 멋져, 훌륭해, 잘한다잘한다, 우쭈쭈, 토닥토닥"
11,밍찌_두구두구두구_정답.png,두근거리는 마음으로 정답을 외치며 동그라미 팻말을 자신감 있게 들어 올리는 모습.,"두구두구, 정답, 딩동댕, 맞았어, 맞아, 정확해, 옳소, 옳다, 맞춤, 맞췄어, O"
11,밍찌_두구두구두구_땡.png,"기대감에 부풀어 두근거리는 마음으로 결과를 기다리다가, 아쉽게도 틀렸다는 결과에 실망하거나 장난스럽게 아쉬워하는 모습입니다.","두구두구, 땡, 아쉽, 아쉽다, 아쉬움, 틀렸어, 틀렸다, 오답, 땡이다, 아니야, 아님, X, 엑스, 실패"
11,밍찌_오케이.png,볼이 발그레해진 채 활짝 웃으며 한 손에는 'OK'라고 적힌 팻말을 들고 긍정의 의사를 표현하고 있습니다.,"오케이, ㅇㅋ, 오케, 오키, 오키도키, 알았어, 알겠습니다, 알겠어, 좋아, 좋아요, 좋습니다, 콜, 동의, 확인, 접수, OK, ok"
11,밍찌_아니.png,볼이 발그레해진 채 웃으며 한 손에는 'NO'라고 적힌 팻말을 들고 단호하게 거절 의사를 표현하고 있습니다.,"아니, 아니요, 아니야, 아님, 아냐, 놉, 노, NO, nope, 싫어, 싫어요, 거절, 반대, 안돼, 안됩니다, 그만, 그만해, 그만해요, 멈춰, 멈춰요, 됐어, 됐음, "